date,time,close,open,high,low,volume,acml_tr_pbmn,datetime
20250923,132100,384000,384500,385000,384000,174,75042477750,2025-09-23 13:21:00
20250923,132200,384500,384000,384500,384000,94,75078605250,2025-09-23 13:22:00
20250923,132300,384500,384000,385000,384000,165,75142032250,2025-09-23 13:23:00
20250923,132400,384000,384500,385000,384000,118,75187396250,2025-09-23 13:24:00
20250923,132500,384000,384500,385000,383500,338,75317273750,2025-09-23 13:25:00
20250923,132600,384500,384000,384500,383500,133,75368366750,2025-09-23 13:26:00
20250923,132700,384000,384000,384000,383500,155,75427832750,2025-09-23 13:27:00
20250923,132800,383000,384000,384000,383000,179,75496509250,2025-09-23 13:28:00
20250923,132900,384000,384000,384500,383000,153,75555283750,2025-09-23 13:29:00
20250923,133000,385000,385000,385500,384000,271,75659612250,2025-09-23 13:30:00
20250923,133100,385000,385000,385500,384500,112,75702736750,2025-09-23 13:31:00
20250923,133200,385500,384500,385500,384000,413,75861762750,2025-09-23 13:32:00
20250923,133300,387000,385500,387000,385500,1409,76406494250,2025-09-23 13:33:00
20250923,133400,388000,386500,388000,386500,734,76690852250,2025-09-23 13:34:00
20250923,133500,389000,388000,389500,388000,1328,77207482250,2025-09-23 13:35:00
20250923,133600,388500,389500,390000,388500,1067,77622853750,2025-09-23 13:36:00
20250923,133700,388000,388500,389000,388000,362,77763523250,2025-09-23 13:37:00
20250923,133800,387500,388500,388500,387000,432,77931011750,2025-09-23 13:38:00
20250923,133900,386000,387000,387500,386000,882,78271983250,2025-09-23 13:39:00
20250923,134000,387000,386000,387500,386000,229,78360543750,2025-09-23 13:40:00
20250923,134100,386000,387000,387500,385500,317,78482986750,2025-09-23 13:41:00
20250923,134200,385500,386000,386500,385000,689,78748583250,2025-09-23 13:42:00
20250923,134300,386500,385500,386500,385000,290,78860496750,2025-09-23 13:43:00
20250923,134400,387000,386500,387500,385500,397,79013926750,2025-09-23 13:44:00
20250923,134500,387000,386500,387000,386000,314,79135281250,2025-09-23 13:45:00
20250923,134600,386500,387000,387000,386500,121,79182083000,2025-09-23 13:46:00
20250923,134700,386500,387000,387500,386500,428,79347758000,2025-09-23 13:47:00
20250923,134800,387000,387000,388000,387000,122,79395017500,2025-09-23 13:48:00
20250923,134900,387000,387500,388000,386500,354,79532115500,2025-09-23 13:49:00
20250923,135000,387500,387000,387500,386500,141,79586694500,2025-09-23 13:50:00
20250923,135100,387000,387500,388000,387000,363,79727328750,2025-09-23 13:51:00
20250923,135200,387000,387500,387500,386500,651,79979318750,2025-09-23 13:52:00
20250923,135300,387500,387000,388000,387000,197,80055644750,2025-09-23 13:53:00
20250923,135400,387000,387000,387500,387000,109,80097862750,2025-09-23 13:54:00
20250923,135500,386500,387000,387500,386500,288,80209341750,2025-09-23 13:55:00
20250923,135600,387500,386500,387500,386500,238,80301467750,2025-09-23 13:56:00
20250923,135700,387000,387000,387500,386500,261,80402494750,2025-09-23 13:57:00
20250923,135800,387000,387500,387500,387000,122,80449739750,2025-09-23 13:58:00
20250923,135900,388500,387500,390000,387000,3877,81958707250,2025-09-23 13:59:00
20250923,140000,388000,388500,389500,388000,479,82144807250,2025-09-23 14:00:00
20250923,140100,388500,388000,389000,388000,126,82193784750,2025-09-23 14:01:00
20250923,140200,389000,388500,389500,388000,395,82347304750,2025-09-23 14:02:00
20250923,140300,388000,389000,389000,387500,199,82424566250,2025-09-23 14:03:00
20250923,140400,387500,388000,388500,387500,280,82533151250,2025-09-23 14:04:00
20250923,140500,388500,388000,388500,387500,127,82582406750,2025-09-23 14:05:00
20250923,140600,388500,388000,388500,387500,106,82623575250,2025-09-23 14:06:00
20250923,140700,387500,388000,388500,387500,185,82695388250,2025-09-23 14:07:00
20250923,140800,386500,388500,388500,386500,835,83018910750,2025-09-23 14:08:00
20250923,140900,386500,387000,388000,386500,314,83140449250,2025-09-23 14:09:00
20250923,141000,387000,387000,387500,386500,218,83224803750,2025-09-23 14:10:00
20250923,141100,387500,387500,387500,387000,174,83292186750,2025-09-23 14:11:00
20250923,141200,387500,387000,388000,387000,117,83337528250,2025-09-23 14:12:00
20250923,141300,387000,387000,387500,387000,177,83406075000,2025-09-23 14:13:00
20250923,141400,387000,387500,387500,386500,139,83459864500,2025-09-23 14:14:00
20250923,141500,387000,387000,387500,387000,92,83495472500,2025-09-23 14:15:00
20250923,141600,387000,387500,387500,386500,147,83552361000,2025-09-23 14:16:00
20250923,141700,387500,387000,387500,386500,150,83610437000,2025-09-23 14:17:00
20250923,141800,386500,387500,387500,386500,403,83766253000,2025-09-23 14:18:00
20250923,141900,386000,386500,387500,386000,321,83890289000,2025-09-23 14:19:00
20250923,142000,386000,386500,386500,386000,335,84019651500,2025-09-23 14:20:00
20250923,142100,385500,386000,386500,385500,334,84148614750,2025-09-23 14:21:00
20250923,142200,385500,385500,386000,385500,78,84178701250,2025-09-23 14:22:00
20250923,142300,386000,386000,386000,385500,114,84222687750,2025-09-23 14:23:00
20250923,142400,385500,386000,386000,385500,150,84280540250,2025-09-23 14:24:00
20250923,142500,386000,386000,386000,385500,258,84380045750,2025-09-23 14:25:00
20250923,142600,386000,385500,386000,385500,130,84430199250,2025-09-23 14:26:00
20250923,142700,385500,385500,386000,385500,139,84483831250,2025-09-23 14:27:00
20250923,142800,386000,385500,386000,385500,107,84525120750,2025-09-23 14:28:00
20250923,142900,385500,385500,386000,385000,252,84622277750,2025-09-23 14:29:00
20250923,143000,385500,386000,386000,385000,105,84662781750,2025-09-23 14:30:00
20250923,143100,385000,385000,385500,385000,376,84807596750,2025-09-23 14:31:00
20250923,143200,385500,385500,385500,385000,104,84847649250,2025-09-23 14:32:00
20250923,143300,385000,385500,385500,385000,222,84933148250,2025-09-23 14:33:00
20250923,143400,385000,384500,385000,384500,251,85029755250,2025-09-23 14:34:00
20250923,143500,385000,385000,385000,384500,101,85068608750,2025-09-23 14:35:00
20250923,143600,384500,385000,385000,384500,219,85152847250,2025-09-23 14:36:00
20250923,143700,384500,384500,385000,384500,141,85207084750,2025-09-23 14:37:00
20250923,143800,385500,384500,385500,384500,688,85472003250,2025-09-23 14:38:00
20250923,143900,385000,385000,385500,384500,528,85675215250,2025-09-23 14:39:00
20250923,144000,384500,385000,385000,384500,102,85714467500,2025-09-23 14:40:00
20250923,144100,385000,385000,385000,384500,161,85776420000,2025-09-23 14:41:00
20250923,144200,384500,385000,385000,384500,91,85811424000,2025-09-23 14:42:00
20250923,144300,385000,385000,385000,384500,210,85892193500,2025-09-23 14:43:00
20250923,144400,385000,385000,385000,384000,413,86051022000,2025-09-23 14:44:00
20250923,144500,385000,384500,385000,384500,112,86094121500,2025-09-23 14:45:00
20250923,144600,385000,384500,386000,384500,689,86359398500,2025-09-23 14:46:00
20250923,144700,385000,385000,386000,384500,694,86626470500,2025-09-23 14:47:00
20250923,144800,385000,385000,385500,384500,101,86665361500,2025-09-23 14:48:00
20250923,144900,384500,384500,385000,384500,99,86703462500,2025-09-23 14:49:00
20250923,145000,385000,385000,385000,384500,249,86799309500,2025-09-23 14:50:00
20250923,145100,385000,384500,385000,384500,139,86852766500,2025-09-23 14:51:00
20250923,145200,384500,384500,384500,384000,446,87024212000,2025-09-23 14:52:00
20250923,145300,384000,384000,384500,384000,125,87072247500,2025-09-23 14:53:00
20250923,145400,384000,384000,384500,384000,157,87132544500,2025-09-23 14:54:00
20250923,145500,384000,384500,384500,384000,111,87175180500,2025-09-23 14:55:00
20250923,145600,383500,384000,384500,383500,316,87296530500,2025-09-23 14:56:00
20250923,145700,383000,383500,384000,383000,594,87524386500,2025-09-23 14:57:00
20250923,145800,382500,383000,383500,382500,902,87869865500,2025-09-23 14:58:00
20250923,145900,382000,382500,383000,382000,591,88095739000,2025-09-23 14:59:00
20250923,150000,382500,382000,383500,382000,980,88470671500,2025-09-23 15:00:00
20250923,150100,382500,382000,383000,382000,359,88607897000,2025-09-23 15:01:00
20250923,150200,382500,382500,383000,382500,146,88663758000,2025-09-23 15:02:00
20250923,150300,383000,382500,383500,382000,776,88960807000,2025-09-23 15:03:00
20250923,150400,383000,383500,383500,382500,388,89109369000,2025-09-23 15:04:00
20250923,150500,383000,383000,384000,383000,136,89161509000,2025-09-23 15:05:00
20250923,150600,384000,383000,384000,383000,338,89291222000,2025-09-23 15:06:00
20250923,150700,383500,384000,384000,383500,121,89337651000,2025-09-23 15:07:00
20250923,150800,384500,383500,384500,383500,322,89461302500,2025-09-23 15:08:00
20250923,150900,384000,383500,384000,383500,226,89548059500,2025-09-23 15:09:00
20250923,151000,383500,384000,384500,383500,139,89601391000,2025-09-23 15:10:00
20250923,151100,384000,383500,384000,383500,339,89731492000,2025-09-23 15:11:00
20250923,151200,385500,384500,386000,383500,2736,90784820000,2025-09-23 15:12:00
20250923,151300,386500,385500,387500,385000,1557,91385976500,2025-09-23 15:13:00
20250923,151400,385500,386500,388000,385500,1924,92130741500,2025-09-23 15:14:00
20250923,151500,386500,385500,386500,385500,437,92299451500,2025-09-23 15:15:00
20250923,151600,386500,387000,387500,386000,515,92498703500,2025-09-23 15:16:00
20250923,151700,386500,387000,387500,386500,1469,93067159750,2025-09-23 15:17:00
20250923,151800,387000,386500,387000,386500,172,93133670250,2025-09-23 15:18:00
20250923,151900,387500,387000,388000,386500,955,93503431750,2025-09-23 15:19:00
20250923,153000,384500,384500,384500,384500,7332,96322585750,2025-09-23 15:30:00
20250924,132100,384000,384000,384500,384000,128,45338235750,2025-09-24 13:21:00
20250924,132200,384000,384000,384500,384000,131,45388574500,2025-09-24 13:22:00
20250924,132300,384750,384000,384750,384000,157,45448918000,2025-09-24 13:23:00
20250924,132400,385000,384500,386500,384000,597,45678732750,2025-09-24 13:24:00
20250924,132500,385000,385000,386000,385000,151,45736923500,2025-09-24 13:25:00
20250924,132600,385500,385000,386000,385000,116,45781664500,2025-09-24 13:26:00
20250924,132700,387000,385500,387000,385000,473,45964381500,2025-09-24 13:27:00
20250924,132800,386500,386500,387500,386500,200,46041790000,2025-09-24 13:28:00
20250924,132900,387000,386500,387500,386000,216,46125408000,2025-09-24 13:29:00
20250924,133000,388000,387000,388500,387000,214,46208381000,2025-09-24 13:30:00
20250924,133100,388500,388000,388500,387500,380,46355834750,2025-09-24 13:31:00
20250924,133200,388000,388250,388500,387500,251,46453240750,2025-09-24 13:32:00
20250924,133300,388500,388500,388500,387500,146,46509918750,2025-09-24 13:33:00
20250924,133400,388000,388000,388500,388000,283,46619842750,2025-09-24 13:34:00
20250924,133500,389000,388500,389500,388000,533,46827051750,2025-09-24 13:35:00
20250924,133600,389000,389000,389500,388000,621,47068379750,2025-09-24 13:36:00
20250924,133700,389000,389500,389500,388500,181,47138762000,2025-09-24 13:37:00
20250924,133800,388000,389000,389000,388000,192,47213374500,2025-09-24 13:38:00
20250924,133900,389000,388500,389000,388000,168,47278668500,2025-09-24 13:39:00
20250924,134000,389000,389000,389500,388500,187,47351399000,2025-09-24 13:40:00
20250924,134100,388500,389000,389000,387500,276,47458593500,2025-09-24 13:41:00
20250924,134200,388500,389000,389500,388500,166,47523142500,2025-09-24 13:42:00
20250924,134300,388500,389000,389500,388500,424,47688036000,2025-09-24 13:43:00
20250924,134400,389000,389000,389500,388500,288,47800059000,2025-09-24 13:44:00
20250924,134500,389000,389000,389500,388500,232,47890318000,2025-09-24 13:45:00
20250924,134600,389500,389000,389500,389000,171,47956878000,2025-09-24 13:46:00
20250924,134700,388500,389500,389500,388500,234,48047901500,2025-09-24 13:47:00
20250924,134800,389000,389000,389000,388500,142,48103115750,2025-09-24 13:48:00
20250924,134900,389000,389000,389000,388500,282,48212767250,2025-09-24 13:49:00
20250924,135000,388500,389000,389000,388500,243,48307241250,2025-09-24 13:50:00
20250924,135100,391000,388500,391500,388500,1452,48873770750,2025-09-24 13:51:00
20250924,135200,391000,391000,392000,389500,995,49263356750,2025-09-24 13:52:00
20250924,135300,392500,391000,392500,391000,358,49403594750,2025-09-24 13:53:00
20250924,135400,392000,392500,392500,391000,679,49669595250,2025-09-24 13:54:00
20250924,135500,392000,392000,392500,392000,406,49828849750,2025-09-24 13:55:00
20250924,135600,391500,392500,392500,391500,315,49952383750,2025-09-24 13:56:00
20250924,135700,391500,392000,392000,391000,432,50121560250,2025-09-24 13:57:00
20250924,135800,392500,391500,392500,391000,343,50255937750,2025-09-24 13:58:00
20250924,135900,392500,392000,392500,391500,370,50400984750,2025-09-24 13:59:00
20250924,140000,391500,392500,392500,391000,1032,50805441750,2025-09-24 14:00:00
20250924,140100,391500,392000,392000,391000,340,50938637250,2025-09-24 14:01:00
20250924,140200,392000,392000,392500,391500,290,51052329750,2025-09-24 14:02:00
20250924,140300,392000,392500,392500,392000,272,51159037250,2025-09-24 14:03:00
20250924,140400,392500,392000,392500,391500,441,51332004250,2025-09-24 14:04:00
20250924,140500,392500,392500,392500,391500,1416,51887693250,2025-09-24 14:05:00
20250924,140600,392000,392000,392500,391500,567,52110039750,2025-09-24 14:06:00
20250924,140700,392000,392000,392500,391500,412,52271521250,2025-09-24 14:07:00
20250924,140800,391500,392000,392500,391000,775,52574958750,2025-09-24 14:08:00
20250924,140900,392500,391500,392500,391500,327,52703143250,2025-09-24 14:09:00
20250924,141000,392000,392500,392500,391500,418,52867091250,2025-09-24 14:10:00
20250924,141100,392000,392500,393000,391500,404,53025541750,2025-09-24 14:11:00
20250924,141200,391000,392500,392500,391000,418,53189304250,2025-09-24 14:12:00
20250924,141300,391500,391000,392000,391000,303,53307989250,2025-09-24 14:13:00
20250924,141400,392000,392000,392000,391500,286,53420072750,2025-09-24 14:14:00
20250924,141500,392000,392000,392500,391500,369,53564703750,2025-09-24 14:15:00
20250924,141600,392000,391500,392500,391500,380,53713749250,2025-09-24 14:16:00
20250924,141700,392500,392500,393000,391500,358,53854207750,2025-09-24 14:17:00
20250924,141800,391500,392500,392500,391000,922,54215294750,2025-09-24 14:18:00
20250924,141900,391000,391500,392000,391000,295,54330786250,2025-09-24 14:19:00
20250924,142000,391000,391000,392000,391000,374,54477113250,2025-09-24 14:20:00
20250924,142100,391500,391000,391500,390500,272,54583433500,2025-09-24 14:21:00
20250924,142200,390500,391500,392000,390000,297,54699530000,2025-09-24 14:22:00
20250924,142300,390500,390000,391500,390000,270,54805096500,2025-09-24 14:23:00
20250924,142400,391000,391500,391500,390000,330,54934164000,2025-09-24 14:24:00
20250924,142500,392000,391500,392000,390500,340,55067220500,2025-09-24 14:25:00
20250924,142600,391500,391500,392000,391000,241,55161585000,2025-09-24 14:26:00
20250924,142700,391000,391500,392000,391000,351,55299040500,2025-09-24 14:27:00
20250924,142800,392000,391500,392000,391000,333,55429421500,2025-09-24 14:28:00
20250924,142900,391000,391500,392500,390500,401,55586370500,2025-09-24 14:29:00
20250924,143000,391500,390500,392000,390500,320,55711619500,2025-09-24 14:30:00
20250924,143100,391500,391500,392000,391000,442,55884732500,2025-09-24 14:31:00
20250924,143200,391500,392000,392000,391000,385,56035483500,2025-09-24 14:32:00
20250924,143300,391500,391500,392500,391000,397,56191122500,2025-09-24 14:33:00
20250924,143400,392000,391500,392500,391000,468,56374561500,2025-09-24 14:34:00
20250924,143500,391500,392000,392000,391000,348,56510902500,2025-09-24 14:35:00
20250924,143600,392000,392000,392500,391500,574,56736028000,2025-09-24 14:36:00
20250924,143700,393000,392500,393000,392000,379,56884735000,2025-09-24 14:37:00
20250924,143800,393000,393000,393000,392000,622,57128927000,2025-09-24 14:38:00
20250924,143900,393000,393000,393500,392500,2314,58038360000,2025-09-24 14:39:00
20250924,144000,392500,393000,393000,392500,626,58284275000,2025-09-24 14:40:00
20250924,144100,392500,393000,393000,392500,403,58442607500,2025-09-24 14:41:00
20250924,144200,392500,393000,393500,392500,550,58658705500,2025-09-24 14:42:00
20250924,144300,393000,393000,393000,392500,504,58856738000,2025-09-24 14:43:00
20250924,144400,393000,393000,393500,392500,760,59155382000,2025-09-24 14:44:00
20250924,144500,393500,393000,393500,393000,529,59363472000,2025-09-24 14:45:00
20250924,144600,393500,393500,394000,393000,445,59538600000,2025-09-24 14:46:00
20250924,144700,393500,393500,394000,393000,400,59696028500,2025-09-24 14:47:00
20250924,144800,394000,393500,394000,393000,570,59920412000,2025-09-24 14:48:00
20250924,144900,394000,394000,394000,393000,568,60144011000,2025-09-24 14:49:00
20250924,145000,394500,394000,394500,393000,716,60425994500,2025-09-24 14:50:00
20250924,145100,394500,393500,394500,393000,553,60643841500,2025-09-24 14:51:00
20250924,145200,393500,394500,394500,393000,561,60864812000,2025-09-24 14:52:00
20250924,145300,393500,393000,394500,393000,1168,61324652000,2025-09-24 14:53:00
20250924,145400,394000,393750,394500,393500,580,61553209500,2025-09-24 14:54:00
20250924,145500,394500,394000,394500,393500,411,61715273500,2025-09-24 14:55:00
20250924,145600,393500,394000,394500,393500,744,62008410250,2025-09-24 14:56:00
20250924,145700,394500,393500,394500,393500,497,62204233250,2025-09-24 14:57:00
20250924,145800,393500,394000,394500,393500,544,62418733750,2025-09-24 14:58:00
20250924,145900,394000,394500,394500,393000,575,62645233750,2025-09-24 14:59:00
20250924,150000,393000,393000,394500,392500,567,62868253250,2025-09-24 15:00:00
20250924,150100,392500,392500,393500,392000,695,63140981250,2025-09-24 15:01:00
20250924,150200,392000,392500,392500,391500,181,63211940250,2025-09-24 15:02:00
20250924,150300,392500,392000,393000,391500,340,63345422750,2025-09-24 15:03:00
20250924,150400,392500,392500,393000,392500,296,63461684750,2025-09-24 15:04:00
20250924,150500,393000,392500,393500,392500,266,63566285750,2025-09-24 15:05:00
20250924,150600,393000,393000,393500,393000,210,63648911750,2025-09-24 15:06:00
20250924,150700,393500,393500,393500,393000,389,63801972750,2025-09-24 15:07:00
20250924,150800,393500,393000,394000,393000,205,63882697250,2025-09-24 15:08:00
20250924,150900,393000,393500,394000,393000,274,63990529250,2025-09-24 15:09:00
20250924,151000,393000,393500,394000,393000,160,64053446000,2025-09-24 15:10:00
20250924,151100,393000,393500,393500,393000,73,64082158000,2025-09-24 15:11:00
20250924,151200,393000,393000,393500,392500,439,64254662000,2025-09-24 15:12:00
20250924,151300,393000,393000,393500,392500,76,64284525000,2025-09-24 15:13:00
20250924,151400,392500,393000,393000,392500,143,64340702250,2025-09-24 15:14:00
20250924,151500,393000,393000,393500,392500,156,64402003750,2025-09-24 15:15:00
20250924,151600,392500,393000,393500,392500,153,64462127750,2025-09-24 15:16:00
20250924,151700,392500,392500,393000,392500,132,64513969250,2025-09-24 15:17:00
20250924,151800,392500,393000,393000,392500,153,64574060250,2025-09-24 15:18:00
20250924,151900,392500,392500,393000,392500,125,64623160750,2025-09-24 15:19:00
20250924,153000,393000,393000,393000,393000,2273,65516449750,2025-09-24 15:30:00
20250925,132100,376500,376000,376500,375500,171,36667944000,2025-09-25 13:21:00
20250925,132200,375500,376000,376500,375500,146,36722810000,2025-09-25 13:22:00
20250925,132300,375500,375500,376000,375500,190,36794208500,2025-09-25 13:23:00
20250925,132400,376000,375500,377000,375500,509,36985764500,2025-09-25 13:24:00
20250925,132500,375500,376000,376500,375000,3315,38229332500,2025-09-25 13:25:00
20250925,132600,375000,375500,376000,374500,658,38476160250,2025-09-25 13:26:00
20250925,132700,375000,375000,375500,374500,214,38556420750,2025-09-25 13:27:00
20250925,132800,375500,375000,376000,375000,241,38646874250,2025-09-25 13:28:00
20250925,132900,375000,375500,376000,375000,178,38713723750,2025-09-25 13:29:00
20250925,133000,375500,376000,376000,375000,335,38839506250,2025-09-25 13:30:00
20250925,133100,375500,375500,376000,375000,239,38929232750,2025-09-25 13:31:00
20250925,133200,375000,375000,376000,375000,140,38981748000,2025-09-25 13:32:00
20250925,133300,375500,375000,375500,375000,147,39036877000,2025-09-25 13:33:00
20250925,133400,375000,375000,375500,375000,234,39124631500,2025-09-25 13:34:00
20250925,133500,375000,375000,375500,374500,194,39197383000,2025-09-25 13:35:00
20250925,133600,376000,374500,376500,374500,606,39424912000,2025-09-25 13:36:00
20250925,133700,376000,376000,376500,376000,184,39494103500,2025-09-25 13:37:00
20250925,133800,376000,376000,376500,376000,175,39559907500,2025-09-25 13:38:00
20250925,133900,376000,376500,376500,376000,275,39663318000,2025-09-25 13:39:00
20250925,134000,376000,376000,376500,375500,375,39804421000,2025-09-25 13:40:00
20250925,134100,376000,376000,376500,375500,258,39901435500,2025-09-25 13:41:00
20250925,134200,375500,376000,376500,375500,459,40073917000,2025-09-25 13:42:00
20250925,134300,375500,375500,376000,375000,295,40184693000,2025-09-25 13:43:00
20250925,134400,375500,375500,376000,375500,458,40356680000,2025-09-25 13:44:00
20250925,134500,375000,375500,376000,375000,294,40466988000,2025-09-25 13:45:00
20250925,134600,375000,375000,375500,375000,247,40559628000,2025-09-25 13:46:00
20250925,134700,374500,375000,375500,374500,246,40651806250,2025-09-25 13:47:00
20250925,134800,374500,375000,375000,374500,298,40763420500,2025-09-25 13:48:00
20250925,134900,374000,374500,374500,374000,613,40992908750,2025-09-25 13:49:00
20250925,135000,375000,374000,375000,374000,611,41221665500,2025-09-25 13:50:00
20250925,135100,374000,375000,375000,374000,1243,41687096500,2025-09-25 13:51:00
20250925,135200,374000,374000,374500,373500,362,41822486500,2025-09-25 13:52:00
20250925,135300,374000,374000,374500,373500,335,41947777500,2025-09-25 13:53:00
20250925,135400,374500,374000,375000,374000,298,42059348500,2025-09-25 13:54:00
20250925,135500,374000,374500,375000,374000,1260,42530928500,2025-09-25 13:55:00
20250925,135600,374000,374000,374500,373500,197,42604609000,2025-09-25 13:56:00
20250925,135700,374000,374000,374500,373500,661,42851695500,2025-09-25 13:57:00
20250925,135800,373500,374000,374500,373500,295,42961931500,2025-09-25 13:58:00
20250925,135900,373500,373500,374000,373500,420,43118803500,2025-09-25 13:59:00
20250925,140000,373500,373500,374000,373000,616,43348781500,2025-09-25 14:00:00
20250925,140100,373500,373000,375000,373000,1226,43806813500,2025-09-25 14:01:00
20250925,140200,373500,373500,374000,373000,238,43895722500,2025-09-25 14:02:00
20250925,140300,373500,373750,374000,373500,278,43999619500,2025-09-25 14:03:00
20250925,140400,373500,373500,374000,373500,240,44089271000,2025-09-25 14:04:00
20250925,140500,373500,373500,374500,373500,526,44285865500,2025-09-25 14:05:00
20250925,140600,374500,374000,374500,373000,639,44524613500,2025-09-25 14:06:00
20250925,140700,374500,374000,374500,373500,600,44748923500,2025-09-25 14:07:00
20250925,140800,373500,373500,375000,373500,380,44890889000,2025-09-25 14:08:00
20250925,140900,373500,374500,374500,373000,454,45060477000,2025-09-25 14:09:00
20250925,141000,373500,373500,374500,373000,474,45237622000,2025-09-25 14:10:00
20250925,141100,373500,373500,374000,373500,351,45368727500,2025-09-25 14:11:00
20250925,141200,373000,373500,374000,373000,574,45583153000,2025-09-25 14:12:00
20250925,141300,373000,373500,374000,373000,408,45735396750,2025-09-25 14:13:00
20250925,141400,373000,373000,373500,373000,434,45897305000,2025-09-25 14:14:00
20250925,141500,373000,373000,373500,372500,630,46132364250,2025-09-25 14:15:00
20250925,141600,374500,373000,375000,373000,1221,46588935000,2025-09-25 14:16:00
20250925,141700,374500,374500,375000,374500,374,46729082750,2025-09-25 14:17:00
20250925,141800,374500,374500,374500,373500,369,46867139250,2025-09-25 14:18:00
20250925,141900,374000,374000,374500,373500,421,47024424000,2025-09-25 14:19:00
20250925,142000,374000,373500,374500,373500,458,47195645000,2025-09-25 14:20:00
20250925,142100,374000,373500,374000,373000,426,47354833500,2025-09-25 14:21:00
20250925,142200,374000,374000,374500,373500,506,47544008000,2025-09-25 14:22:00
20250925,142300,373500,374000,374000,373000,458,47715131000,2025-09-25 14:23:00
20250925,142400,374000,373500,374500,373000,574,47929582500,2025-09-25 14:24:00
20250925,142500,373500,373500,374500,373500,730,48202294000,2025-09-25 14:25:00
20250925,142600,374000,374000,374500,373500,454,48371908500,2025-09-25 14:26:00
20250925,142700,374000,374500,375000,373500,588,48591907500,2025-09-25 14:27:00
20250925,142800,373500,374000,374500,373500,248,48684583000,2025-09-25 14:28:00
20250925,142900,373000,373500,374500,373000,602,48909523000,2025-09-25 14:29:00
20250925,143000,374000,374000,375000,373000,536,49110066000,2025-09-25 14:30:00
20250925,143100,374000,375000,375000,373500,379,49251821000,2025-09-25 14:31:00
20250925,143200,373500,374000,375000,373500,507,49441344000,2025-09-25 14:32:00
20250925,143300,374500,373500,374500,373000,478,49619873000,2025-09-25 14:33:00
20250925,143400,374000,373500,375000,373500,477,49798196500,2025-09-25 14:34:00
20250925,143500,374000,374000,375000,374000,458,49969585500,2025-09-25 14:35:00
20250925,143600,375000,374000,375000,374000,501,50157168000,2025-09-25 14:36:00
20250925,143700,374000,375000,375500,374000,563,50368022000,2025-09-25 14:37:00
20250925,143800,374500,374000,375500,374000,590,50589095000,2025-09-25 14:38:00
20250925,143900,374500,374500,375500,374000,378,50730663750,2025-09-25 14:39:00
20250925,144000,374500,374500,375500,374500,331,50854733750,2025-09-25 14:40:00
20250925,144100,375000,374500,376000,373500,831,51166127750,2025-09-25 14:41:00
20250925,144200,374500,375000,375500,374500,727,51438716750,2025-09-25 14:42:00
20250925,144300,375500,375500,376000,374500,359,51573451750,2025-09-25 14:43:00
20250925,144400,376500,376000,377000,375000,599,51798692750,2025-09-25 14:44:00
20250925,144500,377000,376500,378000,376000,521,51995099750,2025-09-25 14:45:00
20250925,144600,376000,377000,377500,376000,530,52194693750,2025-09-25 14:46:00
20250925,144700,377000,376000,377000,376000,1235,52659523000,2025-09-25 14:47:00
20250925,144800,376000,376500,377000,376000,352,52792067750,2025-09-25 14:48:00
20250925,144900,376500,376000,377000,375500,433,52954897750,2025-09-25 14:49:00
20250925,145000,376500,376000,377000,375500,355,53088410750,2025-09-25 14:50:00
20250925,145100,376500,375500,377000,375500,283,53194849250,2025-09-25 14:51:00
20250925,145200,377000,376500,377500,376000,299,53307460000,2025-09-25 14:52:00
20250925,145300,377500,377000,377500,376500,417,53464687000,2025-09-25 14:53:00
20250925,145400,377000,377000,377500,376500,319,53584867500,2025-09-25 14:54:00
20250925,145500,376500,376500,377500,376500,482,53766539000,2025-09-25 14:55:00
20250925,145600,376000,376500,377000,376000,301,53879841500,2025-09-25 14:56:00
20250925,145700,376500,376500,376500,375500,342,54008454500,2025-09-25 14:57:00
20250925,145800,376500,376500,377000,376000,302,54122094000,2025-09-25 14:58:00
20250925,145900,376500,376000,377000,375500,959,54483066000,2025-09-25 14:59:00
20250925,150000,376000,376500,377000,375500,280,54588371000,2025-09-25 15:00:00
20250925,150100,376000,376000,376500,375500,413,54743661750,2025-09-25 15:01:00
20250925,150200,377500,376000,377500,375500,483,54925561250,2025-09-25 15:02:00
20250925,150300,377000,377000,377500,376000,408,55079162250,2025-09-25 15:03:00
20250925,150400,376500,376500,377000,376000,471,55256363250,2025-09-25 15:04:00
20250925,150500,376000,376500,376500,375500,187,55326688250,2025-09-25 15:05:00
20250925,150600,377000,376000,377500,375500,568,55540602250,2025-09-25 15:06:00
20250925,150700,377000,377000,377500,376500,253,55635952750,2025-09-25 15:07:00
20250925,150800,377500,377000,378000,376500,572,55851812500,2025-09-25 15:08:00
20250925,150900,378000,377000,378000,377000,237,55941250000,2025-09-25 15:09:00
20250925,151000,377500,377500,378000,377500,109,55982400000,2025-09-25 15:10:00
20250925,151100,378000,377500,378500,377500,606,56211460500,2025-09-25 15:11:00
20250925,151200,378000,378000,378500,378000,332,56336963000,2025-09-25 15:12:00
20250925,151300,378500,378000,378500,378000,208,56415647000,2025-09-25 15:13:00
20250925,151400,378000,378500,378500,378000,88,56448930750,2025-09-25 15:14:00
20250925,151500,378500,378500,378500,378000,120,56494318750,2025-09-25 15:15:00
20250925,151600,377500,378000,378000,377500,835,56809858750,2025-09-25 15:16:00
20250925,151700,378500,377500,378500,377500,523,57007562250,2025-09-25 15:17:00
20250925,151800,378500,378000,378500,378000,100,57045385250,2025-09-25 15:18:00
20250925,151900,378500,378000,379000,378000,793,57345593250,2025-09-25 15:19:00
20250925,153000,375000,375000,375000,375000,12029,61856468250,2025-09-25 15:30:00
20250926,132100,377000,377500,377500,377000,23,32061162250,2025-09-26 13:21:00
20250926,132200,377000,377000,377500,377000,24,32070218750,2025-09-26 13:22:00
20250926,132300,377000,377500,377500,377000,204,32147130250,2025-09-26 13:23:00
20250926,132400,376500,376500,377000,376500,57,32168611750,2025-09-26 13:24:00
20250926,132500,376000,376500,377000,376000,159,32228425250,2025-09-26 13:25:00
20250926,132600,376500,376000,376500,376000,13,32233319250,2025-09-26 13:26:00
20250926,132700,376000,376000,376500,376000,24,32242351750,2025-09-26 13:27:00
20250926,132800,376500,376500,376500,376000,67,32267553750,2025-09-26 13:28:00
20250926,132900,376000,376500,376500,376000,43,32283738250,2025-09-26 13:29:00
20250926,133000,376000,376000,376500,376000,83,32314962750,2025-09-26 13:30:00
20250926,133100,376000,376000,376500,376000,222,32398522250,2025-09-26 13:31:00
20250926,133200,376500,377000,377000,376000,96,32434685750,2025-09-26 13:32:00
20250926,133300,376500,377000,377000,376500,73,32462190750,2025-09-26 13:33:00
20250926,133400,376500,377000,377000,376500,70,32488565750,2025-09-26 13:34:00
20250926,133500,378000,377000,378500,376500,414,32644862250,2025-09-26 13:35:00
20250926,133600,378500,378000,379000,378000,305,32760283750,2025-09-26 13:36:00
20250926,133700,379000,378500,379500,378500,288,32869412250,2025-09-26 13:37:00
20250926,133800,380000,379000,380000,379000,350,33002249000,2025-09-26 13:38:00
20250926,133900,380000,380000,381000,379500,1012,33387146500,2025-09-26 13:39:00
20250926,134000,379500,380500,381000,379500,777,33682578500,2025-09-26 13:40:00
20250926,134100,378500,379500,379500,378500,269,33784555000,2025-09-26 13:41:00
20250926,134200,379500,378500,379500,378000,221,33868230500,2025-09-26 13:42:00
20250926,134300,379500,379500,379500,379000,389,34015850000,2025-09-26 13:43:00
20250926,134400,378500,379000,380000,378500,196,34090166000,2025-09-26 13:44:00
20250926,134500,378500,379000,379000,378500,57,34111767000,2025-09-26 13:45:00
20250926,134600,379000,379000,379000,378500,33,34124272000,2025-09-26 13:46:00
20250926,134700,379000,378500,379000,378500,222,34208338500,2025-09-26 13:47:00
20250926,134800,378500,379000,379000,378000,63,34232187000,2025-09-26 13:48:00
20250926,134900,378000,378000,378500,377000,1165,34671986000,2025-09-26 13:49:00
20250926,135000,378000,377500,378000,377500,48,34690125000,2025-09-26 13:50:00
20250926,135100,377500,377500,378000,377500,79,34719971500,2025-09-26 13:51:00
20250926,135200,377500,378000,378000,377500,616,34952549000,2025-09-26 13:52:00
20250926,135300,377000,377500,378000,376500,692,35213468000,2025-09-26 13:53:00
20250926,135400,377000,377000,377500,377000,365,35351110500,2025-09-26 13:54:00
20250926,135500,377000,377000,377500,377000,55,35371861500,2025-09-26 13:55:00
20250926,135600,377500,377500,377500,377000,129,35420538000,2025-09-26 13:56:00
20250926,135700,378000,377500,378000,377000,120,35465833500,2025-09-26 13:57:00
20250926,135800,378000,377500,378500,377500,131,35515347500,2025-09-26 13:58:00
20250926,135900,377500,377500,378000,377000,349,35647132500,2025-09-26 13:59:00
20250926,140000,376500,377000,377500,376000,726,35920623000,2025-09-26 14:00:00
20250926,140100,376500,376500,376500,376000,136,35971792000,2025-09-26 14:01:00
20250926,140200,376000,376500,376500,376000,146,36026756500,2025-09-26 14:02:00
20250926,140300,376000,376000,377000,376000,60,36049333000,2025-09-26 14:03:00
20250926,140400,376000,376000,376500,376000,41,36064766500,2025-09-26 14:04:00
20250926,140500,376500,376500,376500,376000,50,36083589500,2025-09-26 14:05:00
20250926,140600,376500,376000,376500,376000,66,36108432000,2025-09-26 14:06:00
20250926,140700,376000,376000,376500,376000,193,36181089500,2025-09-26 14:07:00
20250926,140800,377000,376000,377000,376000,197,36255298000,2025-09-26 14:08:00
20250926,140900,376000,376500,377000,376000,249,36349050500,2025-09-26 14:09:00
20250926,141000,376500,376500,376500,376000,67,36374269500,2025-09-26 14:10:00
20250926,141100,376500,376000,376500,376000,95,36410013500,2025-09-26 14:11:00
20250926,141200,376000,376500,376500,376000,62,36433354500,2025-09-26 14:12:00
20250926,141300,376500,376500,377000,376000,91,36467630000,2025-09-26 14:13:00
20250926,141400,376500,376500,377000,376500,82,36498542000,2025-09-26 14:14:00
20250926,141500,376500,377000,377000,376500,50,36517390500,2025-09-26 14:15:00
20250926,141600,377000,377000,377000,376500,44,36533977500,2025-09-26 14:16:00
20250926,141700,377500,377000,377500,376500,106,36573963000,2025-09-26 14:17:00
20250926,141800,377000,377000,377500,376500,252,36668985500,2025-09-26 14:18:00
20250926,141900,377000,377000,377000,376500,123,36715355000,2025-09-26 14:19:00
20250926,142000,377000,377500,378000,376500,188,36786290000,2025-09-26 14:20:00
20250926,142100,377000,378000,378000,377000,315,36905077750,2025-09-26 14:21:00
20250926,142200,377500,378000,378000,377000,242,36996429750,2025-09-26 14:22:00
20250926,142300,377500,377000,377500,377000,205,37073729250,2025-09-26 14:23:00
20250926,142400,377000,377000,377500,377000,89,37107299750,2025-09-26 14:24:00
20250926,142500,376500,377500,377500,376500,354,37240742250,2025-09-26 14:25:00
20250926,142600,377000,376500,377000,376500,123,37287085750,2025-09-26 14:26:00
20250926,142700,376500,376500,377000,376500,110,37328522250,2025-09-26 14:27:00
20250926,142800,377000,376500,377000,376500,84,37360163250,2025-09-26 14:28:00
20250926,142900,376500,377000,377000,376500,76,37388798250,2025-09-26 14:29:00
20250926,143000,377000,377000,377000,376500,62,37412158750,2025-09-26 14:30:00
20250926,143100,376000,376500,377000,376000,383,37556357250,2025-09-26 14:31:00
20250926,143200,376000,376000,376500,376000,155,37614707250,2025-09-26 14:32:00
20250926,143300,377000,376000,377000,376000,119,37659527750,2025-09-26 14:33:00
20250926,143400,376500,376500,377000,376500,111,37701355250,2025-09-26 14:34:00
20250926,143500,377000,377000,377000,376500,100,37739046000,2025-09-26 14:35:00
20250926,143600,377500,377000,377500,376500,110,37780522500,2025-09-26 14:36:00
20250926,143700,377500,377000,378000,377000,203,37857161000,2025-09-26 14:37:00
20250926,143800,378000,377500,378000,377500,60,37879836000,2025-09-26 14:38:00
20250926,143900,377750,378000,378000,377500,89,37913472250,2025-09-26 14:39:00
20250926,144000,377500,377750,378000,377500,127,37961467500,2025-09-26 14:40:00
20250926,144100,378000,378000,378500,377500,115,38004940500,2025-09-26 14:41:00
20250926,144200,378000,377500,378500,377500,117,38049191500,2025-09-26 14:42:00
20250926,144300,379000,378500,379000,378000,268,38150638500,2025-09-26 14:43:00
20250926,144400,377500,378500,379000,377500,292,38261102500,2025-09-26 14:44:00
20250926,144500,377500,378500,378500,377500,143,38315170000,2025-09-26 14:45:00
20250926,144600,378000,378500,378500,377500,177,38382079000,2025-09-26 14:46:00
20250926,144700,378500,377500,378500,377500,102,38420636500,2025-09-26 14:47:00
20250926,144800,378500,378500,379000,378000,197,38495223500,2025-09-26 14:48:00
20250926,144900,379000,379000,379000,378500,719,38767532500,2025-09-26 14:49:00
20250926,145000,379000,378500,379500,378000,256,38864515000,2025-09-26 14:50:00
20250926,145100,379000,378500,379500,378500,313,38983162000,2025-09-26 14:51:00
20250926,145200,378500,379000,379000,378500,204,39060467500,2025-09-26 14:52:00
20250926,145300,379000,379000,379500,378500,283,39167722500,2025-09-26 14:53:00
20250926,145400,378500,379000,379500,378500,202,39244304000,2025-09-26 14:54:00
20250926,145500,378000,379000,379500,377500,863,39570898750,2025-09-26 14:55:00
20250926,145600,378500,378000,378500,377500,145,39625723750,2025-09-26 14:56:00
20250926,145700,377500,378500,378500,377500,396,39775423250,2025-09-26 14:57:00
20250926,145800,377500,377500,378500,377500,94,39810941750,2025-09-26 14:58:00
20250926,145900,377500,377500,378000,377000,115,39854361750,2025-09-26 14:59:00
20250926,150000,377000,377500,377500,376500,164,39916211750,2025-09-26 15:00:00
20250926,150100,377000,377000,377500,377000,91,39950543250,2025-09-26 15:01:00
20250926,150200,377000,377500,377500,376500,83,39981849250,2025-09-26 15:02:00
20250926,150300,377000,377000,377000,376500,62,40005220750,2025-09-26 15:03:00
20250926,150400,376000,377000,377000,376000,358,40140010250,2025-09-26 15:04:00
20250926,150500,376000,376000,376500,375500,517,40334408750,2025-09-26 15:05:00
20250926,150600,375000,376000,376000,375000,707,40599701750,2025-09-26 15:06:00
20250926,150700,377000,376000,377000,375000,438,40764451250,2025-09-26 15:07:00
20250926,150800,377000,376500,377000,376500,237,40853797250,2025-09-26 15:08:00
20250926,150900,377000,377000,377500,376500,298,40966116750,2025-09-26 15:09:00
20250926,151000,377500,376500,377500,376500,158,41025681750,2025-09-26 15:10:00
20250926,151100,377500,377500,377500,376500,199,41100725250,2025-09-26 15:11:00
20250926,151200,377000,377500,377500,376500,74,41128637750,2025-09-26 15:12:00
20250926,151300,377000,376500,377500,376000,322,41249930250,2025-09-26 15:13:00
20250926,151400,377000,376500,377000,376500,120,41295130750,2025-09-26 15:14:00
20250926,151500,377000,376000,377000,376000,180,41362889250,2025-09-26 15:15:00
20250926,151600,377500,376500,377500,376500,268,41463929250,2025-09-26 15:16:00
20250926,151700,376500,377500,378000,376500,496,41650981750,2025-09-26 15:17:00
20250926,151800,377000,377000,377500,376500,134,41701511750,2025-09-26 15:18:00
20250926,151900,377500,377500,377500,376500,216,41782935750,2025-09-26 15:19:00
20250926,153000,377000,377000,377000,377000,2782,42831749750,2025-09-26 15:30:00
20250926,132100,377000,377500,377500,377000,23,32061162250,2025-09-26 13:21:00
20250926,132200,377000,377000,377500,377000,24,32070218750,2025-09-26 13:22:00
20250926,132300,377000,377500,377500,377000,204,32147130250,2025-09-26 13:23:00
20250926,132400,376500,376500,377000,376500,57,32168611750,2025-09-26 13:24:00
20250926,132500,376000,376500,377000,376000,159,32228425250,2025-09-26 13:25:00
20250926,132600,376500,376000,376500,376000,13,32233319250,2025-09-26 13:26:00
20250926,132700,376000,376000,376500,376000,24,32242351750,2025-09-26 13:27:00
20250926,132800,376500,376500,376500,376000,67,32267553750,2025-09-26 13:28:00
20250926,132900,376000,376500,376500,376000,43,32283738250,2025-09-26 13:29:00
20250926,133000,376000,376000,376500,376000,83,32314962750,2025-09-26 13:30:00
20250926,133100,376000,376000,376500,376000,222,32398522250,2025-09-26 13:31:00
20250926,133200,376500,377000,377000,376000,96,32434685750,2025-09-26 13:32:00
20250926,133300,376500,377000,377000,376500,73,32462190750,2025-09-26 13:33:00
20250926,133400,376500,377000,377000,376500,70,32488565750,2025-09-26 13:34:00
20250926,133500,378000,377000,378500,376500,414,32644862250,2025-09-26 13:35:00
20250926,133600,378500,378000,379000,378000,305,32760283750,2025-09-26 13:36:00
20250926,133700,379000,378500,379500,378500,288,32869412250,2025-09-26 13:37:00
20250926,133800,380000,379000,380000,379000,350,33002249000,2025-09-26 13:38:00
20250926,133900,380000,380000,381000,379500,1012,33387146500,2025-09-26 13:39:00
20250926,134000,379500,380500,381000,379500,777,33682578500,2025-09-26 13:40:00
20250926,134100,378500,379500,379500,378500,269,33784555000,2025-09-26 13:41:00
20250926,134200,379500,378500,379500,378000,221,33868230500,2025-09-26 13:42:00
20250926,134300,379500,379500,379500,379000,389,34015850000,2025-09-26 13:43:00
20250926,134400,378500,379000,380000,378500,196,34090166000,2025-09-26 13:44:00
20250926,134500,378500,379000,379000,378500,57,34111767000,2025-09-26 13:45:00
20250926,134600,379000,379000,379000,378500,33,34124272000,2025-09-26 13:46:00
20250926,134700,379000,378500,379000,378500,222,34208338500,2025-09-26 13:47:00
20250926,134800,378500,379000,379000,378000,63,34232187000,2025-09-26 13:48:00
20250926,134900,378000,378000,378500,377000,1165,34671986000,2025-09-26 13:49:00
20250926,135000,378000,377500,378000,377500,48,34690125000,2025-09-26 13:50:00
20250926,135100,377500,377500,378000,377500,79,34719971500,2025-09-26 13:51:00
20250926,135200,377500,378000,378000,377500,616,34952549000,2025-09-26 13:52:00
20250926,135300,377000,377500,378000,376500,692,35213468000,2025-09-26 13:53:00
20250926,135400,377000,377000,377500,377000,365,35351110500,2025-09-26 13:54:00
20250926,135500,377000,377000,377500,377000,55,35371861500,2025-09-26 13:55:00
20250926,135600,377500,377500,377500,377000,129,35420538000,2025-09-26 13:56:00
20250926,135700,378000,377500,378000,377000,120,35465833500,2025-09-26 13:57:00
20250926,135800,378000,377500,378500,377500,131,35515347500,2025-09-26 13:58:00
20250926,135900,377500,377500,378000,377000,349,35647132500,2025-09-26 13:59:00
20250926,140000,376500,377000,377500,376000,726,35920623000,2025-09-26 14:00:00
20250926,140100,376500,376500,376500,376000,136,35971792000,2025-09-26 14:01:00
20250926,140200,376000,376500,376500,376000,146,36026756500,2025-09-26 14:02:00
20250926,140300,376000,376000,377000,376000,60,36049333000,2025-09-26 14:03:00
20250926,140400,376000,376000,376500,376000,41,36064766500,2025-09-26 14:04:00
20250926,140500,376500,376500,376500,376000,50,36083589500,2025-09-26 14:05:00
20250926,140600,376500,376000,376500,376000,66,36108432000,2025-09-26 14:06:00
20250926,140700,376000,376000,376500,376000,193,36181089500,2025-09-26 14:07:00
20250926,140800,377000,376000,377000,376000,197,36255298000,2025-09-26 14:08:00
20250926,140900,376000,376500,377000,376000,249,36349050500,2025-09-26 14:09:00
20250926,141000,376500,376500,376500,376000,67,36374269500,2025-09-26 14:10:00
20250926,141100,376500,376000,376500,376000,95,36410013500,2025-09-26 14:11:00
20250926,141200,376000,376500,376500,376000,62,36433354500,2025-09-26 14:12:00
20250926,141300,376500,376500,377000,376000,91,36467630000,2025-09-26 14:13:00
20250926,141400,376500,376500,377000,376500,82,36498542000,2025-09-26 14:14:00
20250926,141500,376500,377000,377000,376500,50,36517390500,2025-09-26 14:15:00
20250926,141600,377000,377000,377000,376500,44,36533977500,2025-09-26 14:16:00
20250926,141700,377500,377000,377500,376500,106,36573963000,2025-09-26 14:17:00
20250926,141800,377000,377000,377500,376500,252,36668985500,2025-09-26 14:18:00
20250926,141900,377000,377000,377000,376500,123,36715355000,2025-09-26 14:19:00
20250926,142000,377000,377500,378000,376500,188,36786290000,2025-09-26 14:20:00
20250926,142100,377000,378000,378000,377000,315,36905077750,2025-09-26 14:21:00
20250926,142200,377500,378000,378000,377000,242,36996429750,2025-09-26 14:22:00
20250926,142300,377500,377000,377500,377000,205,37073729250,2025-09-26 14:23:00
20250926,142400,377000,377000,377500,377000,89,37107299750,2025-09-26 14:24:00
20250926,142500,376500,377500,377500,376500,354,37240742250,2025-09-26 14:25:00
20250926,142600,377000,376500,377000,376500,123,37287085750,2025-09-26 14:26:00
20250926,142700,376500,376500,377000,376500,110,37328522250,2025-09-26 14:27:00
20250926,142800,377000,376500,377000,376500,84,37360163250,2025-09-26 14:28:00
20250926,142900,376500,377000,377000,376500,76,37388798250,2025-09-26 14:29:00
20250926,143000,377000,377000,377000,376500,62,37412158750,2025-09-26 14:30:00
20250926,143100,376000,376500,377000,376000,383,37556357250,2025-09-26 14:31:00
20250926,143200,376000,376000,376500,376000,155,37614707250,2025-09-26 14:32:00
20250926,143300,377000,376000,377000,376000,119,37659527750,2025-09-26 14:33:00
20250926,143400,376500,376500,377000,376500,111,37701355250,2025-09-26 14:34:00
20250926,143500,377000,377000,377000,376500,100,37739046000,2025-09-26 14:35:00
20250926,143600,377500,377000,377500,376500,110,37780522500,2025-09-26 14:36:00
20250926,143700,377500,377000,378000,377000,203,37857161000,2025-09-26 14:37:00
20250926,143800,378000,377500,378000,377500,60,37879836000,2025-09-26 14:38:00
20250926,143900,377750,378000,378000,377500,89,37913472250,2025-09-26 14:39:00
20250926,144000,377500,377750,378000,377500,127,37961467500,2025-09-26 14:40:00
20250926,144100,378000,378000,378500,377500,115,38004940500,2025-09-26 14:41:00
20250926,144200,378000,377500,378500,377500,117,38049191500,2025-09-26 14:42:00
20250926,144300,379000,378500,379000,378000,268,38150638500,2025-09-26 14:43:00
20250926,144400,377500,378500,379000,377500,292,38261102500,2025-09-26 14:44:00
20250926,144500,377500,378500,378500,377500,143,38315170000,2025-09-26 14:45:00
20250926,144600,378000,378500,378500,377500,177,38382079000,2025-09-26 14:46:00
20250926,144700,378500,377500,378500,377500,102,38420636500,2025-09-26 14:47:00
20250926,144800,378500,378500,379000,378000,197,38495223500,2025-09-26 14:48:00
20250926,144900,379000,379000,379000,378500,719,38767532500,2025-09-26 14:49:00
20250926,145000,379000,378500,379500,378000,256,38864515000,2025-09-26 14:50:00
20250926,145100,379000,378500,379500,378500,313,38983162000,2025-09-26 14:51:00
20250926,145200,378500,379000,379000,378500,204,39060467500,2025-09-26 14:52:00
20250926,145300,379000,379000,379500,378500,283,39167722500,2025-09-26 14:53:00
20250926,145400,378500,379000,379500,378500,202,39244304000,2025-09-26 14:54:00
20250926,145500,378000,379000,379500,377500,863,39570898750,2025-09-26 14:55:00
20250926,145600,378500,378000,378500,377500,145,39625723750,2025-09-26 14:56:00
20250926,145700,377500,378500,378500,377500,396,39775423250,2025-09-26 14:57:00
20250926,145800,377500,377500,378500,377500,94,39810941750,2025-09-26 14:58:00
20250926,145900,377500,377500,378000,377000,115,39854361750,2025-09-26 14:59:00
20250926,150000,377000,377500,377500,376500,164,39916211750,2025-09-26 15:00:00
20250926,150100,377000,377000,377500,377000,91,39950543250,2025-09-26 15:01:00
20250926,150200,377000,377500,377500,376500,83,39981849250,2025-09-26 15:02:00
20250926,150300,377000,377000,377000,376500,62,40005220750,2025-09-26 15:03:00
20250926,150400,376000,377000,377000,376000,358,40140010250,2025-09-26 15:04:00
20250926,150500,376000,376000,376500,375500,517,40334408750,2025-09-26 15:05:00
20250926,150600,375000,376000,376000,375000,707,40599701750,2025-09-26 15:06:00
20250926,150700,377000,376000,377000,375000,438,40764451250,2025-09-26 15:07:00
20250926,150800,377000,376500,377000,376500,237,40853797250,2025-09-26 15:08:00
20250926,150900,377000,377000,377500,376500,298,40966116750,2025-09-26 15:09:00
20250926,151000,377500,376500,377500,376500,158,41025681750,2025-09-26 15:10:00
20250926,151100,377500,377500,377500,376500,199,41100725250,2025-09-26 15:11:00
20250926,151200,377000,377500,377500,376500,74,41128637750,2025-09-26 15:12:00
20250926,151300,377000,376500,377500,376000,322,41249930250,2025-09-26 15:13:00
20250926,151400,377000,376500,377000,376500,120,41295130750,2025-09-26 15:14:00
20250926,151500,377000,376000,377000,376000,180,41362889250,2025-09-26 15:15:00
20250926,151600,377500,376500,377500,376500,268,41463929250,2025-09-26 15:16:00
20250926,151700,376500,377500,378000,376500,496,41650981750,2025-09-26 15:17:00
20250926,151800,377000,377000,377500,376500,134,41701511750,2025-09-26 15:18:00
20250926,151900,377500,377500,377500,376500,216,41782935750,2025-09-26 15:19:00
20250926,153000,377000,377000,377000,377000,2782,42831749750,2025-09-26 15:30:00
20250926,132100,377000,377500,377500,377000,23,32061162250,2025-09-26 13:21:00
20250926,132200,377000,377000,377500,377000,24,32070218750,2025-09-26 13:22:00
20250926,132300,377000,377500,377500,377000,204,32147130250,2025-09-26 13:23:00
20250926,132400,376500,376500,377000,376500,57,32168611750,2025-09-26 13:24:00
20250926,132500,376000,376500,377000,376000,159,32228425250,2025-09-26 13:25:00
20250926,132600,376500,376000,376500,376000,13,32233319250,2025-09-26 13:26:00
20250926,132700,376000,376000,376500,376000,24,32242351750,2025-09-26 13:27:00
20250926,132800,376500,376500,376500,376000,67,32267553750,2025-09-26 13:28:00
20250926,132900,376000,376500,376500,376000,43,32283738250,2025-09-26 13:29:00
20250926,133000,376000,376000,376500,376000,83,32314962750,2025-09-26 13:30:00
20250926,133100,376000,376000,376500,376000,222,32398522250,2025-09-26 13:31:00
20250926,133200,376500,377000,377000,376000,96,32434685750,2025-09-26 13:32:00
20250926,133300,376500,377000,377000,376500,73,32462190750,2025-09-26 13:33:00
20250926,133400,376500,377000,377000,376500,70,32488565750,2025-09-26 13:34:00
20250926,133500,378000,377000,378500,376500,414,32644862250,2025-09-26 13:35:00
20250926,133600,378500,378000,379000,378000,305,32760283750,2025-09-26 13:36:00
20250926,133700,379000,378500,379500,378500,288,32869412250,2025-09-26 13:37:00
20250926,133800,380000,379000,380000,379000,350,33002249000,2025-09-26 13:38:00
20250926,133900,380000,380000,381000,379500,1012,33387146500,2025-09-26 13:39:00
20250926,134000,379500,380500,381000,379500,777,33682578500,2025-09-26 13:40:00
20250926,134100,378500,379500,379500,378500,269,33784555000,2025-09-26 13:41:00
20250926,134200,379500,378500,379500,378000,221,33868230500,2025-09-26 13:42:00
20250926,134300,379500,379500,379500,379000,389,34015850000,2025-09-26 13:43:00
20250926,134400,378500,379000,380000,378500,196,34090166000,2025-09-26 13:44:00
20250926,134500,378500,379000,379000,378500,57,34111767000,2025-09-26 13:45:00
20250926,134600,379000,379000,379000,378500,33,34124272000,2025-09-26 13:46:00
20250926,134700,379000,378500,379000,378500,222,34208338500,2025-09-26 13:47:00
20250926,134800,378500,379000,379000,378000,63,34232187000,2025-09-26 13:48:00
20250926,134900,378000,378000,378500,377000,1165,34671986000,2025-09-26 13:49:00
20250926,135000,378000,377500,378000,377500,48,34690125000,2025-09-26 13:50:00
20250926,135100,377500,377500,378000,377500,79,34719971500,2025-09-26 13:51:00
20250926,135200,377500,378000,378000,377500,616,34952549000,2025-09-26 13:52:00
20250926,135300,377000,377500,378000,376500,692,35213468000,2025-09-26 13:53:00
20250926,135400,377000,377000,377500,377000,365,35351110500,2025-09-26 13:54:00
20250926,135500,377000,377000,377500,377000,55,35371861500,2025-09-26 13:55:00
20250926,135600,377500,377500,377500,377000,129,35420538000,2025-09-26 13:56:00
20250926,135700,378000,377500,378000,377000,120,35465833500,2025-09-26 13:57:00
20250926,135800,378000,377500,378500,377500,131,35515347500,2025-09-26 13:58:00
20250926,135900,377500,377500,378000,377000,349,35647132500,2025-09-26 13:59:00
20250926,140000,376500,377000,377500,376000,726,35920623000,2025-09-26 14:00:00
20250926,140100,376500,376500,376500,376000,136,35971792000,2025-09-26 14:01:00
20250926,140200,376000,376500,376500,376000,146,36026756500,2025-09-26 14:02:00
20250926,140300,376000,376000,377000,376000,60,36049333000,2025-09-26 14:03:00
20250926,140400,376000,376000,376500,376000,41,36064766500,2025-09-26 14:04:00
20250926,140500,376500,376500,376500,376000,50,36083589500,2025-09-26 14:05:00
20250926,140600,376500,376000,376500,376000,66,36108432000,2025-09-26 14:06:00
20250926,140700,376000,376000,376500,376000,193,36181089500,2025-09-26 14:07:00
20250926,140800,377000,376000,377000,376000,197,36255298000,2025-09-26 14:08:00
20250926,140900,376000,376500,377000,376000,249,36349050500,2025-09-26 14:09:00
20250926,141000,376500,376500,376500,376000,67,36374269500,2025-09-26 14:10:00
20250926,141100,376500,376000,376500,376000,95,36410013500,2025-09-26 14:11:00
20250926,141200,376000,376500,376500,376000,62,36433354500,2025-09-26 14:12:00
20250926,141300,376500,376500,377000,376000,91,36467630000,2025-09-26 14:13:00
20250926,141400,376500,376500,377000,376500,82,36498542000,2025-09-26 14:14:00
20250926,141500,376500,377000,377000,376500,50,36517390500,2025-09-26 14:15:00
20250926,141600,377000,377000,377000,376500,44,36533977500,2025-09-26 14:16:00
20250926,141700,377500,377000,377500,376500,106,36573963000,2025-09-26 14:17:00
20250926,141800,377000,377000,377500,376500,252,36668985500,2025-09-26 14:18:00
20250926,141900,377000,377000,377000,376500,123,36715355000,2025-09-26 14:19:00
20250926,142000,377000,377500,378000,376500,188,36786290000,2025-09-26 14:20:00
20250926,142100,377000,378000,378000,377000,315,36905077750,2025-09-26 14:21:00
20250926,142200,377500,378000,378000,377000,242,36996429750,2025-09-26 14:22:00
20250926,142300,377500,377000,377500,377000,205,37073729250,2025-09-26 14:23:00
20250926,142400,377000,377000,377500,377000,89,37107299750,2025-09-26 14:24:00
20250926,142500,376500,377500,377500,376500,354,37240742250,2025-09-26 14:25:00
20250926,142600,377000,376500,377000,376500,123,37287085750,2025-09-26 14:26:00
20250926,142700,376500,376500,377000,376500,110,37328522250,2025-09-26 14:27:00
20250926,142800,377000,376500,377000,376500,84,37360163250,2025-09-26 14:28:00
20250926,142900,376500,377000,377000,376500,76,37388798250,2025-09-26 14:29:00
20250926,143000,377000,377000,377000,376500,62,37412158750,2025-09-26 14:30:00
20250926,143100,376000,376500,377000,376000,383,37556357250,2025-09-26 14:31:00
20250926,143200,376000,376000,376500,376000,155,37614707250,2025-09-26 14:32:00
20250926,143300,377000,376000,377000,376000,119,37659527750,2025-09-26 14:33:00
20250926,143400,376500,376500,377000,376500,111,37701355250,2025-09-26 14:34:00
20250926,143500,377000,377000,377000,376500,100,37739046000,2025-09-26 14:35:00
20250926,143600,377500,377000,377500,376500,110,37780522500,2025-09-26 14:36:00
20250926,143700,377500,377000,378000,377000,203,37857161000,2025-09-26 14:37:00
20250926,143800,378000,377500,378000,377500,60,37879836000,2025-09-26 14:38:00
20250926,143900,377750,378000,378000,377500,89,37913472250,2025-09-26 14:39:00
20250926,144000,377500,377750,378000,377500,127,37961467500,2025-09-26 14:40:00
20250926,144100,378000,378000,378500,377500,115,38004940500,2025-09-26 14:41:00
20250926,144200,378000,377500,378500,377500,117,38049191500,2025-09-26 14:42:00
20250926,144300,379000,378500,379000,378000,268,38150638500,2025-09-26 14:43:00
20250926,144400,377500,378500,379000,377500,292,38261102500,2025-09-26 14:44:00
20250926,144500,377500,378500,378500,377500,143,38315170000,2025-09-26 14:45:00
20250926,144600,378000,378500,378500,377500,177,38382079000,2025-09-26 14:46:00
20250926,144700,378500,377500,378500,377500,102,38420636500,2025-09-26 14:47:00
20250926,144800,378500,378500,379000,378000,197,38495223500,2025-09-26 14:48:00
20250926,144900,379000,379000,379000,378500,719,38767532500,2025-09-26 14:49:00
20250926,145000,379000,378500,379500,378000,256,38864515000,2025-09-26 14:50:00
20250926,145100,379000,378500,379500,378500,313,38983162000,2025-09-26 14:51:00
20250926,145200,378500,379000,379000,378500,204,39060467500,2025-09-26 14:52:00
20250926,145300,379000,379000,379500,378500,283,39167722500,2025-09-26 14:53:00
20250926,145400,378500,379000,379500,378500,202,39244304000,2025-09-26 14:54:00
20250926,145500,378000,379000,379500,377500,863,39570898750,2025-09-26 14:55:00
20250926,145600,378500,378000,378500,377500,145,39625723750,2025-09-26 14:56:00
20250926,145700,377500,378500,378500,377500,396,39775423250,2025-09-26 14:57:00
20250926,145800,377500,377500,378500,377500,94,39810941750,2025-09-26 14:58:00
20250926,145900,377500,377500,378000,377000,115,39854361750,2025-09-26 14:59:00
20250926,150000,377000,377500,377500,376500,164,39916211750,2025-09-26 15:00:00
20250926,150100,377000,377000,377500,377000,91,39950543250,2025-09-26 15:01:00
20250926,150200,377000,377500,377500,376500,83,39981849250,2025-09-26 15:02:00
20250926,150300,377000,377000,377000,376500,62,40005220750,2025-09-26 15:03:00
20250926,150400,376000,377000,377000,376000,358,40140010250,2025-09-26 15:04:00
20250926,150500,376000,376000,376500,375500,517,40334408750,2025-09-26 15:05:00
20250926,150600,375000,376000,376000,375000,707,40599701750,2025-09-26 15:06:00
20250926,150700,377000,376000,377000,375000,438,40764451250,2025-09-26 15:07:00
20250926,150800,377000,376500,377000,376500,237,40853797250,2025-09-26 15:08:00
20250926,150900,377000,377000,377500,376500,298,40966116750,2025-09-26 15:09:00
20250926,151000,377500,376500,377500,376500,158,41025681750,2025-09-26 15:10:00
20250926,151100,377500,377500,377500,376500,199,41100725250,2025-09-26 15:11:00
20250926,151200,377000,377500,377500,376500,74,41128637750,2025-09-26 15:12:00
20250926,151300,377000,376500,377500,376000,322,41249930250,2025-09-26 15:13:00
20250926,151400,377000,376500,377000,376500,120,41295130750,2025-09-26 15:14:00
20250926,151500,377000,376000,377000,376000,180,41362889250,2025-09-26 15:15:00
20250926,151600,377500,376500,377500,376500,268,41463929250,2025-09-26 15:16:00
20250926,151700,376500,377500,378000,376500,496,41650981750,2025-09-26 15:17:00
20250926,151800,377000,377000,377500,376500,134,41701511750,2025-09-26 15:18:00
20250926,151900,377500,377500,377500,376500,216,41782935750,2025-09-26 15:19:00
20250926,153000,377000,377000,377000,377000,2782,42831749750,2025-09-26 15:30:00
20250929,132100,378500,378500,378500,378500,10,16885202750,2025-09-29 13:21:00
20250929,132200,378500,378500,378500,378000,75,16913588250,2025-09-29 13:22:00
20250929,132300,378500,378500,378500,378500,74,16941597250,2025-09-29 13:23:00
20250929,132400,378500,378500,378500,378000,260,17040004750,2025-09-29 13:24:00
20250929,132500,378000,379000,379000,378000,247,17133414250,2025-09-29 13:25:00
20250929,132600,378000,377500,378000,377500,10,17137192500,2025-09-29 13:26:00
20250929,132700,377500,378000,378000,377500,184,17206686500,2025-09-29 13:27:00
20250929,132800,377500,377500,377500,377000,11,17210838500,2025-09-29 13:28:00
20250929,132900,377500,377500,377500,377000,76,17239527000,2025-09-29 13:29:00
20250929,133000,377000,377500,377500,377000,10,17243301500,2025-09-29 13:30:00
20250929,133100,377500,377000,377500,377000,17,17249712000,2025-09-29 13:31:00
20250929,133200,377500,377500,377500,377500,68,17275382000,2025-09-29 13:32:00
20250929,133300,377500,377000,377500,377000,4,17276891500,2025-09-29 13:33:00
20250929,133400,377500,377000,377500,377000,29,17287831250,2025-09-29 13:34:00
20250929,133500,377500,377500,377500,377000,65,17312367750,2025-09-29 13:35:00
20250929,133600,377500,377000,377500,377000,26,17322176750,2025-09-29 13:36:00
20250929,133700,378000,377500,378000,377000,273,17425232750,2025-09-29 13:37:00
20250929,133800,378000,378000,378000,377500,16,17431274250,2025-09-29 13:38:00
20250929,133900,378000,378000,378000,377500,13,17436185250,2025-09-29 13:39:00
20250929,134000,377750,378000,378000,377750,14,17441476500,2025-09-29 13:40:00
20250929,134100,377500,377750,377750,377000,96,17477717500,2025-09-29 13:41:00
20250929,134200,377500,377250,377500,377000,27,17487900750,2025-09-29 13:42:00
20250929,134300,377500,377000,377500,377000,19,17495067750,2025-09-29 13:43:00
20250929,134400,377500,377500,377500,377000,27,17505256250,2025-09-29 13:44:00
20250929,134500,377000,377500,377500,377000,22,17513554750,2025-09-29 13:45:00
20250929,134600,377500,377000,377500,377000,25,17522982750,2025-09-29 13:46:00
20250929,134700,377000,377500,377500,377000,71,17549753750,2025-09-29 13:47:00
20250929,134800,376500,377000,377500,376500,180,17617612750,2025-09-29 13:48:00
20250929,134900,376000,376500,376500,376000,583,17836965750,2025-09-29 13:49:00
20250929,135000,375500,376000,376000,375500,197,17910950250,2025-09-29 13:50:00
20250929,135100,376000,376000,376000,375500,13,17915835250,2025-09-29 13:51:00
20250929,135200,375500,376000,376000,375500,165,17977869750,2025-09-29 13:52:00
20250929,135300,376000,376000,376000,375500,13,17982754750,2025-09-29 13:53:00
20250929,135400,375500,375500,376000,375500,26,17992525000,2025-09-29 13:54:00
20250929,135500,375500,375500,376000,375500,95,18028201000,2025-09-29 13:55:00
20250929,135600,376000,375500,376000,375500,27,18038346000,2025-09-29 13:56:00
20250929,135700,376000,376000,376000,375500,12,18042854000,2025-09-29 13:57:00
20250929,135800,375500,376000,376000,375500,42,18058636500,2025-09-29 13:58:00
20250929,135900,375500,376000,376000,375500,32,18070659000,2025-09-29 13:59:00
20250929,140000,375500,376000,376000,375500,30,18081927500,2025-09-29 14:00:00
20250929,140100,375500,376000,376000,375500,37,18095825000,2025-09-29 14:01:00
20250929,140200,375500,376000,376000,375500,130,18144645000,2025-09-29 14:02:00
20250929,140300,376000,375500,376000,375500,392,18291843500,2025-09-29 14:03:00
20250929,140400,375500,375500,376000,375500,51,18310997500,2025-09-29 14:04:00
20250929,140500,375500,375500,376000,375500,32,18323017500,2025-09-29 14:05:00
20250929,140600,375500,375500,376000,375500,61,18345926000,2025-09-29 14:06:00
20250929,140700,375500,375500,376000,375500,65,18370336500,2025-09-29 14:07:00
20250929,140800,374500,375500,375500,374500,942,18723686500,2025-09-29 14:08:00
20250929,140900,374000,374500,375000,374000,621,18956013000,2025-09-29 14:09:00
20250929,141000,374000,374000,374500,374000,165,19017731000,2025-09-29 14:10:00
20250929,141100,374000,374500,374500,374000,80,19047653500,2025-09-29 14:11:00
20250929,141200,374000,374500,374500,374000,68,19073089500,2025-09-29 14:12:00
20250929,141300,374000,374000,374500,374000,34,19085809500,2025-09-29 14:13:00
20250929,141400,374000,374000,374500,374000,69,19111621000,2025-09-29 14:14:00
20250929,141500,374000,374000,374500,374000,47,19129202000,2025-09-29 14:15:00
20250929,141600,374000,374500,374500,374000,57,19150522500,2025-09-29 14:16:00
20250929,141700,374000,374500,374500,374000,61,19173339500,2025-09-29 14:17:00
20250929,141800,374000,374000,374500,374000,43,19189424750,2025-09-29 14:18:00
20250929,141900,374000,374000,374250,374000,51,19208500000,2025-09-29 14:19:00
20250929,142000,374250,374250,374250,374000,35,19221592250,2025-09-29 14:20:00
20250929,142100,374000,374250,374500,374000,58,19243288750,2025-09-29 14:21:00
20250929,142200,374250,374000,374250,374000,55,19263861000,2025-09-29 14:22:00
20250929,142300,375000,374250,375000,374000,1279,19742895000,2025-09-29 14:23:00
20250929,142400,374000,374500,375000,374000,516,19936075000,2025-09-29 14:24:00
20250929,142500,374000,374000,374000,373500,126,19983166500,2025-09-29 14:25:00
20250929,142600,374000,374000,374000,373500,22,19991386250,2025-09-29 14:26:00
20250929,142700,373500,374000,374000,373000,1144,20418670250,2025-09-29 14:27:00
20250929,142800,373500,374000,374000,373000,129,20466852250,2025-09-29 14:28:00
20250929,142900,373500,374000,374000,373000,163,20527687250,2025-09-29 14:29:00
20250929,143000,373000,373500,374000,373000,84,20559039750,2025-09-29 14:30:00
20250929,143100,373000,373000,373500,372500,319,20678018250,2025-09-29 14:31:00
20250929,143200,373000,373000,373500,372500,322,20798121750,2025-09-29 14:32:00
20250929,143300,373000,373000,373500,372500,508,20987495250,2025-09-29 14:33:00
20250929,143400,372500,372500,373000,372000,156,21045601750,2025-09-29 14:34:00
20250929,143500,372000,372000,372500,371500,656,21289595250,2025-09-29 14:35:00
20250929,143600,371500,372000,372000,371500,577,21504200250,2025-09-29 14:36:00
20250929,143700,372500,372000,372500,371500,147,21558883750,2025-09-29 14:37:00
20250929,143800,372500,372000,372500,371500,212,21637744750,2025-09-29 14:38:00
20250929,143900,371500,372000,372500,371000,739,21912378750,2025-09-29 14:39:00
20250929,144000,371500,371500,372000,371000,148,21967366250,2025-09-29 14:40:00
20250929,144100,371500,371500,371500,371000,157,22025688250,2025-09-29 14:41:00
20250929,144200,371500,372000,372500,371500,298,22136532750,2025-09-29 14:42:00
20250929,144300,371500,372000,372500,371500,126,22183380750,2025-09-29 14:43:00
20250929,144400,371500,371500,372000,371500,73,22210509250,2025-09-29 14:44:00
20250929,144500,371500,371500,371750,371500,69,22236147500,2025-09-29 14:45:00
20250929,144600,371500,371750,372000,371500,195,22308594500,2025-09-29 14:46:00
20250929,144700,372000,371500,372500,371500,552,22513815500,2025-09-29 14:47:00
20250929,144800,371500,371500,372000,371500,249,22606336500,2025-09-29 14:48:00
20250929,144900,371500,372000,372000,371000,227,22690717000,2025-09-29 14:49:00
20250929,145000,371750,371500,372000,371500,211,22769106250,2025-09-29 14:50:00
20250929,145100,372000,371750,372500,371250,651,23011384000,2025-09-29 14:51:00
20250929,145200,373000,372000,373000,372000,385,23154741000,2025-09-29 14:52:00
20250929,145300,373000,372500,373500,372500,481,23334089000,2025-09-29 14:53:00
20250929,145400,373500,373500,373500,372500,315,23451637000,2025-09-29 14:54:00
20250929,145500,373500,373500,374000,373000,209,23529717500,2025-09-29 14:55:00
20250929,145600,373500,373500,374000,373500,77,23558481500,2025-09-29 14:56:00
20250929,145700,374000,373500,374000,373500,150,23614546500,2025-09-29 14:57:00
20250929,145800,373500,373500,374000,373500,56,23635466500,2025-09-29 14:58:00
20250929,145900,374000,373500,374500,373000,530,23833544500,2025-09-29 14:59:00
20250929,150000,374000,374000,374500,374000,214,23913588000,2025-09-29 15:00:00
20250929,150100,374500,374500,374500,373500,178,23980161500,2025-09-29 15:01:00
20250929,150200,373500,374000,374000,373500,34,23992876000,2025-09-29 15:02:00
20250929,150300,373500,374000,374000,373500,208,24070664000,2025-09-29 15:03:00
20250929,150400,374000,374000,374000,373500,37,24084499000,2025-09-29 15:04:00
20250929,150500,373500,373500,374000,373500,57,24105813000,2025-09-29 15:05:00
20250929,150600,374500,374000,374500,373500,286,24212776500,2025-09-29 15:06:00
20250929,150700,374000,373500,374000,373500,26,24222495500,2025-09-29 15:07:00
20250929,150800,374000,373500,374000,373500,43,24238569000,2025-09-29 15:08:00
20250929,150900,374000,373500,374000,373500,28,24249038000,2025-09-29 15:09:00
20250929,151000,373500,374000,374000,373500,167,24311416500,2025-09-29 15:10:00
20250929,151100,374000,373500,374000,373500,33,24323750000,2025-09-29 15:11:00
20250929,151200,373500,374000,374000,373500,29,24334583000,2025-09-29 15:12:00
20250929,151300,374000,373500,374000,373000,373,24473901500,2025-09-29 15:13:00
20250929,151400,374000,374000,374500,373500,352,24605541500,2025-09-29 15:14:00
20250929,151500,373500,374000,374500,373000,234,24692977000,2025-09-29 15:15:00
20250929,151600,373500,373500,373500,373000,353,24824822000,2025-09-29 15:16:00
20250929,151700,373500,373000,373500,373000,164,24886072500,2025-09-29 15:17:00
20250929,151800,373000,373500,373500,373000,85,24917817000,2025-09-29 15:18:00
20250929,151900,373500,373500,373500,373000,308,25032709000,2025-09-29 15:19:00
20250929,153000,372500,372500,372500,372500,2030,25788884000,2025-09-29 15:30:00
20250930,132100,367000,367000,367500,366000,912,60944152500,2025-09-30 13:21:00
20250930,132200,367500,367000,367500,366500,531,61139229500,2025-09-30 13:22:00
20250930,132300,367500,367500,368000,367500,63,61162391500,2025-09-30 13:23:00
20250930,132400,367500,367500,368000,367500,97,61198046500,2025-09-30 13:24:00
20250930,132500,369000,367500,369500,367500,1257,61661139500,2025-09-30 13:25:00
20250930,132600,368500,369000,369000,368500,148,61715731000,2025-09-30 13:26:00
20250930,132700,368000,368500,369000,368000,108,61755523000,2025-09-30 13:27:00
20250930,132800,367500,368500,368500,367500,233,61841253000,2025-09-30 13:28:00
20250930,132900,366500,367500,367500,366500,272,61941135500,2025-09-30 13:29:00
20250930,133000,366500,367000,367000,366500,549,62142602000,2025-09-30 13:30:00
20250930,133100,366500,366500,367000,366500,282,62245970500,2025-09-30 13:31:00
20250930,133200,366000,366500,367000,366000,512,62433605000,2025-09-30 13:32:00
20250930,133300,366000,366500,367000,366000,292,62540604500,2025-09-30 13:33:00
20250930,133400,366000,366500,366500,366000,219,62620797500,2025-09-30 13:34:00
20250930,133500,366000,366500,366500,366000,123,62665828500,2025-09-30 13:35:00
20250930,133600,366000,366000,366500,366000,255,62759178000,2025-09-30 13:36:00
20250930,133700,366000,366000,366500,366000,220,62839716500,2025-09-30 13:37:00
20250930,133800,366500,366000,366500,366000,232,62924643000,2025-09-30 13:38:00
20250930,133900,366500,366000,367000,366000,1071,63317094000,2025-09-30 13:39:00
20250930,134000,366500,367000,367000,366500,169,63379058500,2025-09-30 13:40:00
20250930,134100,366500,366500,367000,366500,163,63438819000,2025-09-30 13:41:00
20250930,134200,366000,366500,366500,366000,287,63543921500,2025-09-30 13:42:00
20250930,134300,366000,366000,367000,366000,796,63835585500,2025-09-30 13:43:00
20250930,134400,367000,367000,367000,366500,114,63877394750,2025-09-30 13:44:00
20250930,134500,367500,367000,368000,366500,627,64107604000,2025-09-30 13:45:00
20250930,134600,366500,367500,367500,366500,248,64198629500,2025-09-30 13:46:00
20250930,134700,367000,367000,368000,366500,469,64370778500,2025-09-30 13:47:00
20250930,134800,367000,367000,367500,366500,150,64425858000,2025-09-30 13:48:00
20250930,134900,367000,367000,367500,366500,464,64596152500,2025-09-30 13:49:00
20250930,135000,367500,367000,367500,366500,288,64701922000,2025-09-30 13:50:00
20250930,135100,367000,367000,367500,367000,139,64752958000,2025-09-30 13:51:00
20250930,135200,367500,367500,367500,366500,242,64841798000,2025-09-30 13:52:00
20250930,135300,367000,367000,368000,366500,583,65056016500,2025-09-30 13:53:00
20250930,135400,367500,367000,367500,367000,186,65124298500,2025-09-30 13:54:00
20250930,135500,366500,367500,367500,366500,203,65198805500,2025-09-30 13:55:00
20250930,135600,367500,367000,368000,366500,824,65501303500,2025-09-30 13:56:00
20250930,135700,367500,367000,367500,367000,116,65543895500,2025-09-30 13:57:00
20250930,135800,367000,367000,367500,367000,171,65606675000,2025-09-30 13:58:00
20250930,135900,367000,367000,367500,367000,259,65701747500,2025-09-30 13:59:00
20250930,140000,367000,367500,367500,366500,347,65829115000,2025-09-30 14:00:00
20250930,140100,367000,367500,368000,366500,817,66129073000,2025-09-30 14:01:00
20250930,140200,367000,367000,367500,367000,140,66180478000,2025-09-30 14:02:00
20250930,140300,367000,367500,367500,366500,478,66356043000,2025-09-30 14:03:00
20250930,140400,367000,367000,367500,367000,146,66409642500,2025-09-30 14:04:00
20250930,140500,367000,367500,367500,366500,399,66556072000,2025-09-30 14:05:00
20250930,140600,367000,367000,367500,366500,292,66663251000,2025-09-30 14:06:00
20250930,140700,367000,367000,367500,366500,349,66791335500,2025-09-30 14:07:00
20250930,140800,366500,367500,367500,366500,319,66908383000,2025-09-30 14:08:00
20250930,140900,368000,367500,368000,366500,373,67045401500,2025-09-30 14:09:00
20250930,141000,367000,368000,368000,367000,316,67161530000,2025-09-30 14:10:00
20250930,141100,367000,367500,367500,366500,381,67301425000,2025-09-30 14:11:00
20250930,141200,367000,367000,368000,367000,350,67430000500,2025-09-30 14:12:00
20250930,141300,368000,367500,368000,366500,297,67539051500,2025-09-30 14:13:00
20250930,141400,368000,367500,368000,367000,176,67603719500,2025-09-30 14:14:00
20250930,141500,367000,368000,368000,366500,391,67747275500,2025-09-30 14:15:00
20250930,141600,367500,367000,368000,367000,407,67896873250,2025-09-30 14:16:00
20250930,141700,367000,368000,368000,367000,596,68115783750,2025-09-30 14:17:00
20250930,141800,367500,367000,368000,367000,308,68228960250,2025-09-30 14:18:00
20250930,141900,366500,368000,368000,366500,243,68318162750,2025-09-30 14:19:00
20250930,142000,367000,367500,367500,366500,339,68442557250,2025-09-30 14:20:00
20250930,142100,367000,367000,367500,367000,326,68562269250,2025-09-30 14:21:00
20250930,142200,367000,367000,367500,366500,454,68728901250,2025-09-30 14:22:00
20250930,142300,367500,367000,367500,366500,401,68876097250,2025-09-30 14:23:00
20250930,142400,367000,367500,368000,367000,162,68935599250,2025-09-30 14:24:00
20250930,142500,367000,367000,367500,366500,292,69042827750,2025-09-30 14:25:00
20250930,142600,367500,367000,367500,366500,205,69118078750,2025-09-30 14:26:00
20250930,142700,366500,367500,367500,366500,374,69255295750,2025-09-30 14:27:00
20250930,142800,367000,367000,367500,366500,606,69477619250,2025-09-30 14:28:00
20250930,142900,367000,367000,367500,367000,161,69536725750,2025-09-30 14:29:00
20250930,143000,366500,367000,367500,366500,468,69708463750,2025-09-30 14:30:00
20250930,143100,367000,367500,367500,366500,264,69805302750,2025-09-30 14:31:00
20250930,143200,367500,366500,367500,366500,520,69996142750,2025-09-30 14:32:00
20250930,143300,366500,367500,367500,366500,155,70052988750,2025-09-30 14:33:00
20250930,143400,367500,366500,367500,366500,629,70283809250,2025-09-30 14:34:00
20250930,143500,368500,367500,369000,367000,1338,70775918750,2025-09-30 14:35:00
20250930,143600,369500,369000,369500,369000,649,71015620750,2025-09-30 14:36:00
20250930,143700,369000,369000,369500,368500,186,71084252750,2025-09-30 14:37:00
20250930,143800,368500,369000,369000,368000,220,71165297750,2025-09-30 14:38:00
20250930,143900,368000,368000,368500,368000,246,71255867250,2025-09-30 14:39:00
20250930,144000,368500,368500,368500,368000,225,71338693250,2025-09-30 14:40:00
20250930,144100,367500,368500,368500,367500,338,71463035750,2025-09-30 14:41:00
20250930,144200,367500,367500,368000,367000,625,71692916250,2025-09-30 14:42:00
20250930,144300,368000,368000,368000,367500,563,71900023750,2025-09-30 14:43:00
20250930,144400,368000,368000,368500,367500,322,72018494750,2025-09-30 14:44:00
20250930,144500,367000,368000,368000,367000,247,72109279750,2025-09-30 14:45:00
20250930,144600,367000,367000,367500,367000,209,72186007750,2025-09-30 14:46:00
20250930,144700,367000,367500,367500,367000,277,72287688250,2025-09-30 14:47:00
20250930,144800,367000,367500,367500,366500,517,72477428750,2025-09-30 14:48:00
20250930,144900,368500,367500,368500,366500,552,72680206750,2025-09-30 14:49:00
20250930,145000,368000,368500,368500,368000,241,72768940250,2025-09-30 14:50:00
20250930,145100,367500,368000,368500,367000,556,72973336250,2025-09-30 14:51:00
20250930,145200,368000,368000,368000,367000,307,73086156750,2025-09-30 14:52:00
20250930,145300,367000,368000,368000,367000,260,73181703750,2025-09-30 14:53:00
20250930,145400,368500,367500,368500,366500,1071,73575266750,2025-09-30 14:54:00
20250930,145500,367000,368500,368500,366500,222,73656922750,2025-09-30 14:55:00
20250930,145600,367000,368000,368000,366500,312,73771484250,2025-09-30 14:56:00
20250930,145700,367000,367000,367500,366500,489,73950992250,2025-09-30 14:57:00
20250930,145800,367000,367000,367500,366500,353,74080508250,2025-09-30 14:58:00
20250930,145900,366500,367000,367000,366500,324,74199315750,2025-09-30 14:59:00
20250930,150000,367500,367000,368000,366500,559,74404507250,2025-09-30 15:00:00
20250930,150100,366500,367500,367500,366500,210,74481497750,2025-09-30 15:01:00
20250930,150200,367000,366500,367000,366500,243,74570573750,2025-09-30 15:02:00
20250930,150300,366500,366500,366500,366000,307,74683059750,2025-09-30 15:03:00
20250930,150400,366500,366000,367500,366000,1278,75151684250,2025-09-30 15:04:00
20250930,150500,367000,366500,367500,366500,319,75268740750,2025-09-30 15:05:00
20250930,150600,366500,366500,367000,366500,196,75340588750,2025-09-30 15:06:00
20250930,150700,366500,367000,367000,366500,222,75421965250,2025-09-30 15:07:00
20250930,150800,366500,366500,367000,366500,253,75514715250,2025-09-30 15:08:00
20250930,150900,366500,366500,367000,366000,559,75719682750,2025-09-30 15:09:00
20250930,151000,366500,366500,367000,366000,612,75944195750,2025-09-30 15:10:00
20250930,151100,367000,366500,367500,366000,243,76033330750,2025-09-30 15:11:00
20250930,151200,367000,367000,367500,366500,381,76173117750,2025-09-30 15:12:00
20250930,151300,368000,367500,368500,367000,1099,76577372750,2025-09-30 15:13:00
20250930,151400,368000,368000,368500,367500,499,76761013250,2025-09-30 15:14:00
20250930,151500,368500,368000,368500,368000,548,76962880750,2025-09-30 15:15:00
20250930,151600,368000,369000,369000,368000,202,77037249250,2025-09-30 15:16:00
20250930,151700,368000,368000,368500,368000,487,77216643000,2025-09-30 15:17:00
20250930,151800,368500,368000,368500,368000,291,77323766000,2025-09-30 15:18:00
20250930,151900,368000,368000,368500,367500,506,77510051000,2025-09-30 15:19:00
20250930,153000,367000,367000,367000,367000,4817,79277890000,2025-09-30 15:30:00
